nct_id,drug,trial_name,criterion_index,severity_label,basis,scale,scale_component,scale_variant,metric,comparator,value,unit,scale_min,scale_max,assessed_at,scale_anchors
NCT00267969,Ustekinumab,PHOENIX1,1,,eligibility_text,PASI,,,absolute_score,>=,12,score,,,,
NCT00267969,Ustekinumab,PHOENIX1,2,,eligibility_text,BSA,,,percent_bsa,>=,10,percent,,,,
NCT00307437,Ustekinumab,,1,,eligibility_text,PASI,,,absolute_score,>=,12,score,,,"[""screening"", ""baseline""]",
NCT00307437,Ustekinumab,,2,,eligibility_text,BSA,,,percent_bsa,>=,10,percent,,,,
NCT00750139,Naftifine,,1,,eligibility_text,Clinical signs and symptoms,erythema,,absolute_score,>=,moderate,score,,,[],[]
NCT00750139,Naftifine,,2,,eligibility_text,Clinical signs and symptoms,scaling,,absolute_score,>=,moderate,score,,,[],[]
NCT00750139,Naftifine,,3,,eligibility_text,Clinical signs and symptoms,pruritus,,absolute_score,>=,mild,score,,,[],[]
NCT01090427,Ustekinumab,,1,moderate_to_severe,eligibility_text,BSA,,,percent_bsa,>=,10,percent,,,,
NCT01090427,Ustekinumab,,2,moderate_to_severe,eligibility_text,PASI,,,absolute_score,>=,12,score,,,,
NCT01090427,Ustekinumab,,3,moderate_to_severe,eligibility_text,PGA,,,absolute_score,>=,3,score,,,,
NCT01289015,Naftifine,NAFT-600,1,,eligibility_text,clinical sign and symptom severity scale,erythema,severity,absolute_score,>=,2,score,0,3,"[""baseline""]","[{""score"": 0, ""label"": ""Absent (normal appearing skin)""}, {""score"": 1, ""label"": ""Mild (barely abnormal)""}, {""score"": 2, ""label"": ""Moderate (distinctly present abnormality)""}, {""score"": 3, ""label"": ""Marked (intense involvement or marked abnormality)""}]"
NCT01289015,Naftifine,NAFT-600,2,,eligibility_text,clinical sign and symptom severity scale,scaling,severity,absolute_score,>=,2,score,0,3,"[""baseline""]","[{""score"": 0, ""label"": ""Absent (normal appearing skin)""}, {""score"": 1, ""label"": ""Mild (barely abnormal)""}, {""score"": 2, ""label"": ""Moderate (distinctly present abnormality)""}, {""score"": 3, ""label"": ""Marked (intense involvement or marked abnormality)""}]"
NCT01289015,Naftifine,NAFT-600,3,,eligibility_text,clinical sign and symptom severity scale,pruritus,severity,absolute_score,>=,1,score,0,3,"[""baseline""]","[{""score"": 0, ""label"": ""Absent (normal appearing skin)""}, {""score"": 1, ""label"": ""Mild (barely abnormal)""}, {""score"": 2, ""label"": ""Moderate (distinctly present abnormality)""}, {""score"": 3, ""label"": ""Marked (intense involvement or marked abnormality)""}]"
NCT01290341,Naftifine,NAFT-600,1,,eligibility_text,4-point severity grade,erythema,,absolute_score,>=,2,score,0,3,,
NCT01290341,Naftifine,NAFT-600,2,,eligibility_text,4-point severity grade,scaling,,absolute_score,>=,2,score,0,3,,
NCT01290341,Naftifine,NAFT-600,3,,eligibility_text,4-point severity grade,pruritus,,absolute_score,>=,1,score,0,3,,
NCT01353976,Econazole,,1,,eligibility_text,Grading of Signs and Symptoms,Scaling,,absolute_score,>=,2,score,0,3,"[""baseline""]","[{""score"": 2, ""label"": ""Moderate""}]"
NCT01353976,Econazole,,2,,eligibility_text,Grading of Signs and Symptoms,Erythema,,absolute_score,>=,1,score,0,3,"[""baseline""]","[{""score"": 1, ""label"": ""Mild""}]"
NCT01358578,Secukinumab,FIXTURE,1,moderate_to_severe,eligibility_text,PASI,,,absolute_score,>,12,score,,,,
NCT01358578,Secukinumab,FIXTURE,2,moderate_to_severe,eligibility_text,IGA,,,absolute_score,>,3,score,,,,
NCT01358578,Secukinumab,FIXTURE,3,moderate_to_severe,eligibility_text,BSA,,,percent_bsa,>,10,percent,,,,
NCT01365455,Secukinumab,ERASURE,1,moderate_to_severe,eligibility_text,PASI,,,absolute_score,>=,12,score,,,,
NCT01365455,Secukinumab,ERASURE,2,moderate_to_severe,eligibility_text,IGA,,,absolute_score,>=,3,score,,,,
NCT01365455,Secukinumab,ERASURE,3,moderate_to_severe,eligibility_text,BSA,,,percent_bsa,>=,10,percent,,,,
NCT01397461,Ozenoxacin,,1,,eligibility_text,SIRS,,,absolute_score,>=,8,score,,,,
NCT01468207,Adalimumab,PIONEER I,1,,eligibility_text,Hurley Stage,,,absolute_score,>=,2,score,1,3,,
NCT01468207,Adalimumab,PIONEER I,2,,eligibility_text,AN Count,,,absolute_score,>=,3,score,,,,
NCT01468233,Adalimumab,PIONEER II,1,,eligibility_text,Hurley Stage,,,absolute_score,>=,2,score,1,3,,
NCT01468233,Adalimumab,PIONEER II,2,,eligibility_text,AN Count,,,absolute_score,>=,3,score,,,,
NCT01493687,Ivermectin,,1,,eligibility_text,IGA,,,absolute_score,in,"[3, 4]",score,,,,"[{""score"": 3, ""label"": ""moderate""}, {""score"": 4, ""label"": ""severe""}]"
NCT01493687,Ivermectin,,2,,eligibility_text,Inflammatory Lesion Count,,,absolute_score,>=,15,score,,,,
NCT01493687,Ivermectin,,3,,eligibility_text,Inflammatory Lesion Count,,,absolute_score,<=,70,score,,,,
NCT01494467,Ivermectin,,1,,eligibility_text,IGA,,,absolute_score,in,"[3, 4]",score,,,,"[{""score"": 3, ""label"": ""moderate""}, {""score"": 4, ""label"": ""severe""}]"
NCT01494467,Ivermectin,,2,,eligibility_text,Inflammatory Lesion Count,,,absolute_score,>=,15,score,,,,
NCT01494467,Ivermectin,,3,,eligibility_text,Inflammatory Lesion Count,,,absolute_score,<=,70,score,,,,
NCT01555125,Secukinumab,FEATURE,1,moderate_to_severe,eligibility_text,PASI,,,absolute_score,>=,12,score,,,,
NCT01555125,Secukinumab,FEATURE,2,moderate_to_severe,eligibility_text,IGA,,,absolute_score,>=,3,score,,,,
NCT01555125,Secukinumab,FEATURE,3,moderate_to_severe,eligibility_text,BSA,,,percent_bsa,>=,10,percent,,,,
NCT01636687,Secukinumab,JUNCTURE,1,moderate_to_severe,eligibility_text,PASI,,,absolute_score,>=,12,score,,,,
NCT01636687,Secukinumab,JUNCTURE,2,moderate_to_severe,eligibility_text,IGA,,,absolute_score,>=,3,score,,,,
NCT01636687,Secukinumab,JUNCTURE,3,moderate_to_severe,eligibility_text,BSA,,,percent_bsa,>=,10,percent,,,,
NCT01690299,Apremilast,,1,moderate_to_severe,eligibility_text,,,,disease_duration_years,>=,1,years,,,"[""screening""]",
NCT01708590,Brodalumab,AMAGINE-1,1,moderate_to_severe,eligibility_text,BSA,,,percent_bsa,>=,10,percent,,,,
NCT01708590,Brodalumab,AMAGINE-1,2,moderate_to_severe,eligibility_text,PASI,,,absolute_score,>=,12,score,,,,
NCT01708590,Brodalumab,AMAGINE-1,3,moderate_to_severe,eligibility_text,sPGA,,,absolute_score,>=,3,score,,,,
NCT01708603,Brodalumab,AMAGINE-2,1,moderate_to_severe,eligibility_text,BSA,,,percent_bsa,>=,10,percent,,,,
NCT01708603,Brodalumab,AMAGINE-2,2,moderate_to_severe,eligibility_text,PASI,,,absolute_score,>=,12,score,,,,
NCT01708603,Brodalumab,AMAGINE-2,3,moderate_to_severe,eligibility_text,sPGA,,,absolute_score,>=,3,score,,,,
NCT01708629,Brodalumab,AMAGINE-3,1,moderate_to_severe,eligibility_text,BSA,,,percent_bsa,>=,10,percent,,,,
NCT01708629,Brodalumab,AMAGINE-3,2,moderate_to_severe,eligibility_text,PASI,,,absolute_score,>=,12,score,,,,
NCT01708629,Brodalumab,AMAGINE-3,3,moderate_to_severe,eligibility_text,sPGA,,,absolute_score,>=,3,score,,,,
NCT01723072,Omalizumab,X-ACT,1,,eligibility_text,UAS7,,,absolute_score,>,14,score,0,42,,
NCT01806597,Secukinumab,GESTURE,1,moderate_to_severe,eligibility_text,ppIGA,,,absolute_score,>=,3,score,0,4,"[""baseline""]",
NCT01807520,Secukinumab,TRANSFIGURE,1,moderate_to_severe,eligibility_text,NAPSI,,,absolute_score,>=,16,score,,,,
NCT01807520,Secukinumab,TRANSFIGURE,2,moderate_to_severe,eligibility_text,PASI,,,absolute_score,>=,12,score,,,,
NCT01807520,Secukinumab,TRANSFIGURE,3,moderate_to_severe,eligibility_text,BSA,,,percent_bsa,>=,10,percent,,,,
NCT02068352,Difamilast,Trial 1,1,,eligibility_text,IGA,,,absolute_score,in,"[2, 3]",score,0,4,"[""screening"", ""baseline""]",
NCT02068352,Difamilast,Trial 1,2,,eligibility_text,BSA,,,percent_bsa,>=,5,percent,,,"[""screening"", ""baseline""]",
NCT02068352,Difamilast,Trial 1,3,,eligibility_text,BSA,,,percent_bsa,<=,40,percent,,,"[""screening"", ""baseline""]",
NCT02090764,Ozenoxacin,,1,,eligibility_text,SIRS,,,absolute_score,>=,3,score,,,,
NCT02118766,Crisaborole,,1,,eligibility_text,ISGA,,,absolute_score,in,"[2, 3]",score,,,,"[{""score"": 2, ""label"": ""mild""}, {""score"": 3, ""label"": ""moderate""}]"
NCT02118766,Crisaborole,,2,,eligibility_text,BSA,,,percent_bsa,>=,5,percent,,,,
NCT02118792,Crisaborole,,1,,eligibility_text,ISGA,,,absolute_score,in,"[2, 3]",score,,,,"[{""score"": 2, ""label"": ""mild""}, {""score"": 3, ""label"": ""moderate""}]"
NCT02118792,Crisaborole,,2,,eligibility_text,BSA,,,percent_bsa,>=,5,percent,,,,
NCT02131636,Oxymetazoline,,1,moderate_to_severe,eligibility_text,Inflammatory Lesion Count,,,absolute_score,<=,3,score,,,,
NCT02132117,Oxymetazoline,,1,moderate_to_severe,eligibility_text,Inflammatory Lesion Count,,,absolute_score,<=,3,score,,,,
NCT02207231,Guselkumab,VOYAGE 1,1,,eligibility_text,IGA,,,absolute_score,>=,3,score,,,"[""screening"", ""baseline""]",
NCT02207231,Guselkumab,VOYAGE 1,2,,eligibility_text,BSA,,,percent_bsa,>=,10,percent,,,"[""screening"", ""baseline""]",
NCT02207244,Guselkumab,VOYAGE 2,1,,eligibility_text,IGA,,,absolute_score,>=,3,score,,,"[""screening"", ""baseline""]",
NCT02207244,Guselkumab,VOYAGE 2,2,,eligibility_text,BSA,,,percent_bsa,>=,10,percent,,,"[""screening"", ""baseline""]",
NCT02260986,Dupilumab,CHRONOS,1,,cross_reference,EASI,,,absolute_score,>=,16,score,,,"[""screening"", ""baseline""]",
NCT02260986,Dupilumab,CHRONOS,2,,cross_reference,IGA,,,absolute_score,>=,3,score,0,4,"[""screening"", ""baseline""]","[{""score"": 3, ""label"": ""moderate""}, {""score"": 4, ""label"": ""severe""}]"
NCT02260986,Dupilumab,CHRONOS,3,,cross_reference,BSA,,,percent_bsa,>=,10,percent,,,"[""screening"", ""baseline""]",
NCT02277743,Dupilumab,SOLO 1,1,,eligibility_text,EASI,,,absolute_score,>=,16,score,,,"[""screening"", ""baseline""]",
NCT02277743,Dupilumab,SOLO 1,2,,eligibility_text,IGA,,,absolute_score,>=,3,score,0,4,"[""screening"", ""baseline""]","[{""score"": 3, ""label"": ""moderate""}, {""score"": 4, ""label"": ""severe""}]"
NCT02277743,Dupilumab,SOLO 1,3,,eligibility_text,BSA,,,percent_bsa,>=,10,percent,,,"[""screening"", ""baseline""]",
NCT02277769,Dupilumab,SOLO 2,1,,eligibility_text,BSA,,,percent_bsa,>=,10,percent,,,"[""screening"", ""baseline""]",
NCT02320149,Sarecycline,,1,,eligibility_text,IGA,,,absolute_score,in,"[3, 4]",score,,,,"[{""score"": 3, ""label"": ""moderate""}, {""score"": 4, ""label"": ""severe""}]"
NCT02320149,Sarecycline,,2,,eligibility_text,Inflammatory Lesion Count,,,absolute_score,>=,20,score,,,,
NCT02320149,Sarecycline,,3,,eligibility_text,Inflammatory Lesion Count,,,absolute_score,<=,50,score,,,,
NCT02320149,Sarecycline,,4,,eligibility_text,Noninflammatory Lesion Count,,,absolute_score,>=,30,score,,,,
NCT02320149,Sarecycline,,5,,eligibility_text,Noninflammatory Lesion Count,,,absolute_score,<=,100,score,,,,
NCT02320149,Sarecycline,,6,,eligibility_text,Nodule Count,,,absolute_score,<=,2,score,,,,
NCT02322866,Sarecycline,,1,,eligibility_text,IGA,,,absolute_score,in,"[3, 4]",score,,,,"[{""score"": 3, ""label"": ""moderate""}, {""score"": 4, ""label"": ""severe""}]"
NCT02322866,Sarecycline,,2,,eligibility_text,Inflammatory Lesion Count,,,absolute_score,>=,20,score,,,,
NCT02322866,Sarecycline,,3,,eligibility_text,Inflammatory Lesion Count,,,absolute_score,<=,50,score,,,,
NCT02322866,Sarecycline,,4,,eligibility_text,Noninflammatory Lesion Count,,,absolute_score,>=,30,score,,,,
NCT02322866,Sarecycline,,5,,eligibility_text,Noninflammatory Lesion Count,,,absolute_score,<=,100,score,,,,
NCT02322866,Sarecycline,,6,,eligibility_text,Nodule Count,,,absolute_score,<=,2,score,,,,
NCT02395133,Dupilumab,SOLO-CONTINUE,1,,cross_reference,IGA,,,absolute_score,in,"[0, 1]",score,0,4,"[""week_16""]","[{""score"": 0, ""label"": ""clear""}, {""score"": 1, ""label"": ""almost clear""}, {""score"": 2, ""label"": ""mild""}, {""score"": 3, ""label"": ""moderate""}, {""score"": 4, ""label"": ""severe""}]"
NCT02395133,Dupilumab,SOLO-CONTINUE,2,,cross_reference,EASI,,,percent_improvement_from_baseline,>=,75,percent,,,"[""week_16""]",
NCT02471144,Secukinumab,,1,,eligibility_text,PASI,,,absolute_score,>=,20,score,,,"[""randomization""]",
NCT02471144,Secukinumab,,2,,eligibility_text,IGA mod 2011,,,absolute_score,==,4,score,,,"[""randomization""]",
NCT02471144,Secukinumab,,3,,eligibility_text,BSA,,,percent_bsa,>=,10,percent,,,"[""randomization""]",
NCT02530281,Glycopyrronium,,1,,eligibility_text,HDSS,,,absolute_score,in,"[3, 4]",score,,,,
NCT02530281,Glycopyrronium,,2,,eligibility_text,ASDD,,,absolute_score,>=,4,score,,,,
NCT02530294,Glycopyrronium,,1,,eligibility_text,HDSS,,,absolute_score,in,"[3, 4]",score,,,,
NCT02530294,Glycopyrronium,,2,,eligibility_text,ASDD,,,absolute_score,>=,4,score,,,,
NCT02608450,Clascoterone,,1,,eligibility_text,IGA,,,absolute_score,in,"[3, 4]",score,0,4,,"[{""score"": 0, ""label"": ""clear""}, {""score"": 3, ""label"": ""moderate""}, {""score"": 4, ""label"": ""severe""}]"
NCT02608450,Clascoterone,,2,,eligibility_text,Inflammatory Lesion Count,,,absolute_score,>=,30,score,,,,
NCT02608450,Clascoterone,,3,,eligibility_text,Inflammatory Lesion Count,,,absolute_score,<=,75,score,,,,
NCT02608450,Clascoterone,,4,,eligibility_text,Noninflammatory Lesion Count,,,absolute_score,>=,30,score,,,,
NCT02608450,Clascoterone,,5,,eligibility_text,Noninflammatory Lesion Count,,,absolute_score,<=,100,score,,,,
NCT02608476,Clascoterone,,1,,eligibility_text,IGA,,,absolute_score,in,"[3, 4]",score,0,4,,"[{""score"": 0, ""label"": ""clear""}, {""score"": 3, ""label"": ""moderate""}, {""score"": 4, ""label"": ""severe""}]"
NCT02608476,Clascoterone,,2,,eligibility_text,Inflammatory Lesion Count,,,absolute_score,>=,30,score,,,,
NCT02608476,Clascoterone,,3,,eligibility_text,Inflammatory Lesion Count,,,absolute_score,<=,75,score,,,,
NCT02608476,Clascoterone,,4,,eligibility_text,Noninflammatory Lesion Count,,,absolute_score,>=,30,score,,,,
NCT02608476,Clascoterone,,5,,eligibility_text,Noninflammatory Lesion Count,,,absolute_score,<=,100,score,,,,
NCT02667236,Hydrogen Peroxide,,1,,eligibility_text,PLA,,,absolute_score,>=,2,score,,,,
NCT02667275,Hydrogen Peroxide,SK,1,,eligibility_text,PLA,,,absolute_score,>=,2,score,,,,
NCT02672852,Risankizumab,,1,moderate_to_severe,eligibility_text,BSA,,,percent_bsa,>=,10,percent,,,"[""screening"", ""baseline""]",
NCT02672852,Risankizumab,,2,moderate_to_severe,eligibility_text,PASI,,,absolute_score,>=,12,score,,,"[""screening"", ""baseline""]",
NCT02672852,Risankizumab,,3,moderate_to_severe,eligibility_text,sPGA,,,absolute_score,>=,3,score,0,4,"[""screening"", ""baseline""]",
NCT02684357,Risankizumab,,1,,eligibility_text,BSA,,,percent_bsa,>=,10,percent,,,,
NCT02684370,Risankizumab,,1,,eligibility_text,BSA,,,percent_bsa,>=,10,percent,,,,
NCT02718898,Ixekizumab,IXORA-Q,1,moderate_to_severe,eligibility_text,sPGA,overall,,absolute_score,>=,3,score,,,"[""screening"", ""baseline""]",
NCT02718898,Ixekizumab,IXORA-Q,2,moderate_to_severe,eligibility_text,sPGA of Genitalia,,,absolute_score,>=,3,score,,,"[""screening"", ""baseline""]",
NCT02718898,Ixekizumab,IXORA-Q,3,moderate_to_severe,eligibility_text,BSA,,,percent_bsa,>=,1,percent,,,"[""screening"", ""baseline""]",
NCT02728752,Immune Globulin Intravenous (Human) (Octagam 10%),ProDERM,1,,eligibility_text,MMT-8,,,absolute_score,<,142,score,0,150,"[""screening"", ""baseline""]",
NCT02728752,Immune Globulin Intravenous (Human) (Octagam 10%),ProDERM,2,,eligibility_text,Physician Global Disease Activity VAS,,,absolute_score,>=,2,score,0,10,"[""screening"", ""baseline""]",
NCT02728752,Immune Globulin Intravenous (Human) (Octagam 10%),ProDERM,3,,eligibility_text,HAQ-DI,,,absolute_score,>=,0.25,score,0,3,"[""screening"", ""baseline""]",
NCT02748863,Secukinumab,ALLURE,1,moderate_to_severe,eligibility_text,PASI,,,absolute_score,>=,12,score,0,,"[""baseline""]",
NCT02748863,Secukinumab,ALLURE,2,moderate_to_severe,eligibility_text,IGA mod 2011,,,absolute_score,>=,3,score,0,4,"[""baseline""]",
NCT02748863,Secukinumab,ALLURE,3,moderate_to_severe,eligibility_text,,Body surface area affected by plaque-type psoriasis,,percent_bsa,>=,10,percent,,,"[""baseline""]",
NCT02755649,Dupilumab,,1,,eligibility_text,EASI,,,absolute_score,>=,20,score,,,"[""screening"", ""baseline""]",
NCT02755649,Dupilumab,,2,,eligibility_text,IGA,,,absolute_score,>=,3,score,0,4,"[""screening"", ""baseline""]",
NCT02755649,Dupilumab,,3,,eligibility_text,BSA,,,percent_bsa,>=,10,percent,,,"[""screening"", ""baseline""]",
NCT02815267,Minocycline,Study 1,1,moderate_to_severe,eligibility_text,IGA,,,absolute_score,in,"[3, 4]",score,,,,"[{""score"": 3, ""label"": ""moderate""}, {""score"": 4, ""label"": ""severe""}]"
NCT02815267,Minocycline,Study 1,2,moderate_to_severe,eligibility_text,Inflammatory Lesion Count,,,absolute_score,>=,20,score,,,,
NCT02815267,Minocycline,Study 1,3,moderate_to_severe,eligibility_text,Inflammatory Lesion Count,,,absolute_score,<=,50,score,,,,
NCT02815267,Minocycline,Study 1,4,moderate_to_severe,eligibility_text,Noninflammatory Lesion Count,,,absolute_score,>=,25,score,,,,
NCT02815267,Minocycline,Study 1,5,moderate_to_severe,eligibility_text,Noninflammatory Lesion Count,,,absolute_score,<=,100,score,,,,
NCT02815267,Minocycline,Study 1,6,moderate_to_severe,eligibility_text,Nodule Count,,,absolute_score,<=,2,score,,,,
NCT02815280,Minocycline,Study 2,1,moderate_to_severe,eligibility_text,IGA,,,absolute_score,in,"[3, 4]",score,,,,"[{""score"": 3, ""label"": ""moderate""}, {""score"": 4, ""label"": ""severe""}]"
NCT02815280,Minocycline,Study 2,2,moderate_to_severe,eligibility_text,Inflammatory Lesion Count,,,absolute_score,>=,20,score,,,,
NCT02815280,Minocycline,Study 2,3,moderate_to_severe,eligibility_text,Inflammatory Lesion Count,,,absolute_score,<=,50,score,,,,
NCT02815280,Minocycline,Study 2,4,moderate_to_severe,eligibility_text,Noninflammatory Lesion Count,,,absolute_score,>=,25,score,,,,
NCT02815280,Minocycline,Study 2,5,moderate_to_severe,eligibility_text,Noninflammatory Lesion Count,,,absolute_score,<=,100,score,,,,
NCT02815280,Minocycline,Study 2,6,moderate_to_severe,eligibility_text,Nodule Count,,,absolute_score,<=,2,score,,,,
NCT02905331,Guselkumab,,1,moderate_to_severe,eligibility_text,PASI,,,absolute_score,>=,12,score,,,"[""screening"", ""baseline""]",
NCT02905331,Guselkumab,,2,moderate_to_severe,eligibility_text,IGA,,,absolute_score,>=,3,score,,,"[""screening"", ""baseline""]",
NCT02905331,Guselkumab,,3,moderate_to_severe,eligibility_text,,,,percent_bsa,>=,10,percent,,,"[""screening"", ""baseline""]",
NCT03054428,Dupilumab,,1,moderate_to_severe,eligibility_text,IGA,,,absolute_score,>=,3,score,,,"[""screening"", ""baseline""]",
NCT03054428,Dupilumab,,2,moderate_to_severe,eligibility_text,EASI,,,absolute_score,>=,16,score,,,"[""screening"", ""baseline""]",
NCT03054428,Dupilumab,,3,moderate_to_severe,eligibility_text,BSA,,,percent_bsa,>=,10,percent,,,"[""screening"", ""baseline""]",
NCT03066609,Secukinumab,,1,moderate_to_severe,eligibility_text,PASI,,,absolute_score,>=,12,score,0,,"[""baseline""]",
NCT03066609,Secukinumab,,2,moderate_to_severe,eligibility_text,IGA mod 2011,,severity,absolute_score,>=,3,score,0,4,"[""baseline""]",
NCT03066609,Secukinumab,,3,moderate_to_severe,eligibility_text,BSA,,,percent_bsa,>=,10,percent,,,"[""baseline""]",
NCT03073200,Ixekizumab,Ixora-peds,1,moderate_to_severe,eligibility_text,PASI,,,absolute_score,>=,12,score,,,"[""screening"", ""baseline""]",
NCT03073200,Ixekizumab,Ixora-peds,2,moderate_to_severe,eligibility_text,sPGA,,,absolute_score,>=,3,score,,,"[""screening"", ""baseline""]",
NCT03073200,Ixekizumab,Ixora-peds,3,moderate_to_severe,eligibility_text,BSA,,,percent_bsa,>=,10,percent,,,"[""screening"", ""baseline""]",
NCT03123471,Apremilast,STYLE,1,moderate_to_severe,eligibility_text,ScPGA,,,absolute_score,>=,3,score,,,"[""screening"", ""baseline""]",
NCT03123471,Apremilast,STYLE,2,moderate_to_severe,eligibility_text,SSA,,,percent_bsa,>=,20,percent,,,"[""screening"", ""baseline""]",
NCT03123471,Apremilast,STYLE,3,moderate_to_severe,eligibility_text,PASI,,,absolute_score,>=,12,score,,,"[""screening"", ""baseline""]",
NCT03123471,Apremilast,STYLE,4,moderate_to_severe,eligibility_text,BSA,,,percent_bsa,>=,10,percent,,,"[""screening"", ""baseline""]",
NCT03123471,Apremilast,STYLE,5,moderate_to_severe,eligibility_text,sPGA,,,absolute_score,>=,3,score,,,"[""screening"", ""baseline""]",
NCT03131648,Tralokinumab,ECZTRA 1,1,,eligibility_text,BSA,,,percent_bsa,>=,10,percent,,,"[""screening"", ""baseline""]",
NCT03131648,Tralokinumab,ECZTRA 1,2,,eligibility_text,EASI,,,absolute_score,>=,12,score,,,"[""screening""]",
NCT03131648,Tralokinumab,ECZTRA 1,3,,eligibility_text,EASI,,,absolute_score,>=,16,score,,,"[""baseline""]",
NCT03131648,Tralokinumab,ECZTRA 1,4,,eligibility_text,IGA,,,absolute_score,>=,3,score,,,"[""screening"", ""baseline""]",
NCT03142451,Minocycline,,1,moderate_to_severe,eligibility_text,IGA,,,absolute_score,in,"[3, 4]",score,,,,"[{""score"": 3, ""label"": ""moderate""}, {""score"": 4, ""label"": ""severe""}]"
NCT03142451,Minocycline,,2,moderate_to_severe,eligibility_text,Inflammatory Lesion Count,,,absolute_score,>=,15,score,,,,
NCT03142451,Minocycline,,3,moderate_to_severe,eligibility_text,Inflammatory Lesion Count,,,absolute_score,<=,75,score,,,,
NCT03142451,Minocycline,,4,moderate_to_severe,eligibility_text,Nodule Count,,,absolute_score,<=,2,score,,,,
NCT03160885,Tralokinumab,ECZTRA 2,1,,eligibility_text,BSA,,,percent_bsa,>=,10,percent,,,"[""screening"", ""baseline""]",
NCT03160885,Tralokinumab,ECZTRA 2,2,,eligibility_text,EASI,,,absolute_score,>=,12,score,,,"[""screening""]",
NCT03160885,Tralokinumab,ECZTRA 2,3,,eligibility_text,EASI,,,absolute_score,>=,16,score,,,"[""baseline""]",
NCT03160885,Tralokinumab,ECZTRA 2,4,,eligibility_text,IGA,,,absolute_score,>=,3,score,,,"[""screening"", ""baseline""]",
NCT03271021,Minocycline,Study 3,1,moderate_to_severe,eligibility_text,IGA,,,absolute_score,in,"[3, 4]",score,,,,"[{""score"": 3, ""label"": ""moderate""}, {""score"": 4, ""label"": ""severe""}]"
NCT03271021,Minocycline,Study 3,2,moderate_to_severe,eligibility_text,Inflammatory Lesion Count,,,absolute_score,>=,20,score,,,,
NCT03271021,Minocycline,Study 3,3,moderate_to_severe,eligibility_text,Inflammatory Lesion Count,,,absolute_score,<=,50,score,,,,
NCT03271021,Minocycline,Study 3,4,moderate_to_severe,eligibility_text,Noninflammatory Lesion Count,,,absolute_score,>=,25,score,,,,
NCT03271021,Minocycline,Study 3,5,moderate_to_severe,eligibility_text,Noninflammatory Lesion Count,,,absolute_score,<=,100,score,,,,
NCT03271021,Minocycline,Study 3,6,moderate_to_severe,eligibility_text,Nodule Count,,,absolute_score,<=,2,score,,,,
NCT03285477,Tirbanibulin,AK003,1,,eligibility_text,AK Lesion Count,,,absolute_score,>=,4,score,,,,
NCT03285477,Tirbanibulin,AK003,2,,eligibility_text,AK Lesion Count,,,absolute_score,<=,8,score,,,,
NCT03285490,Tirbanibulin,,1,,eligibility_text,AK Lesion Count,,,absolute_score,>=,4,score,,,,
NCT03285490,Tirbanibulin,,2,,eligibility_text,AK Lesion Count,,,absolute_score,<=,8,score,,,,
NCT03345914,Dupilumab,,1,,eligibility_text,IGA,,,absolute_score,==,4,score,,,"[""screening"", ""baseline""]",
NCT03345914,Dupilumab,,2,,eligibility_text,EASI,,,absolute_score,>=,21,score,,,"[""screening"", ""baseline""]",
NCT03345914,Dupilumab,,3,,eligibility_text,BSA,,,percent_bsa,>=,15,percent,,,"[""screening"", ""baseline""]",
NCT03346434,Dupilumab,Liberty AD,1,moderate_to_severe,eligibility_text,IGA,,,absolute_score,>=,3,score,0,4,"[""screening""]",
NCT03346434,Dupilumab,Liberty AD,2,moderate_to_severe,eligibility_text,EASI,,,absolute_score,>=,16,score,0,72,"[""screening""]",
NCT03346434,Dupilumab,Liberty AD,3,moderate_to_severe,eligibility_text,BSA,,,percent_bsa,>=,10,percent,,,"[""screening""]",
NCT03349060,Abrocitinib,JADE Mono-1,1,moderate_to_severe,eligibility_text,,,,disease_duration_years,>=,1,years,,,,
NCT03349060,Abrocitinib,JADE Mono-1,2,moderate_to_severe,eligibility_text,BSA,,,percent_bsa,>=,10,percent,,,,
NCT03349060,Abrocitinib,JADE Mono-1,3,moderate_to_severe,eligibility_text,IGA,,,absolute_score,>=,3,score,,,,
NCT03349060,Abrocitinib,JADE Mono-1,4,moderate_to_severe,eligibility_text,EASI,,,absolute_score,>=,16,score,,,,
NCT03349060,Abrocitinib,JADE Mono-1,5,moderate_to_severe,eligibility_text,Pruritus NRS,,,absolute_score,>=,4,score,,,,
NCT03363854,Tralokinumab,,1,,eligibility_text,BSA,,,percent_bsa,>=,10,percent,,,"[""screening"", ""baseline""]",
NCT03370133,Bimekizumab,BE VIVID,1,,eligibility_text,BSA,,,percent_bsa,>=,10,percent,,,,
NCT03370133,Bimekizumab,BE VIVID,2,,eligibility_text,IGA,,,absolute_score,>=,3,score,,,,
NCT03410992,Bimekizumab,BE READY,1,moderate_to_severe,eligibility_text,BSA,,,percent_bsa,>=,10,percent,,,,
NCT03410992,Bimekizumab,BE READY,2,moderate_to_severe,eligibility_text,IGA,,,absolute_score,>=,3,score,0,4,,
NCT03410992,Bimekizumab,BE READY,3,moderate_to_severe,eligibility_text,PASI,,,absolute_score,>=,12,score,,,,
NCT03412747,Bimekizumab,BE SURE,1,,eligibility_text,BSA,,,percent_bsa,>=,10,percent,,,,
NCT03412747,Bimekizumab,BE SURE,2,,eligibility_text,IGA,,,absolute_score,>=,3,score,,,,
NCT03448939,Benzoyl Peroxide,,1,moderate_to_severe,eligibility_text,IGA,,,absolute_score,in,"[3, 4]",score,,,,"[{""score"": 3, ""label"": ""moderate""}, {""score"": 4, ""label"": ""severe""}]"
NCT03448939,Benzoyl Peroxide,,2,moderate_to_severe,eligibility_text,Inflammatory Lesion Count,,,absolute_score,>=,15,score,,,,
NCT03448939,Benzoyl Peroxide,,3,moderate_to_severe,eligibility_text,Inflammatory Lesion Count,,,absolute_score,<=,70,score,,,,
NCT03448939,Benzoyl Peroxide,,4,moderate_to_severe,eligibility_text,Nodule Count,,,absolute_score,<=,2,score,,,,
NCT03451851,Guselkumab,PROTOSTAR,1,moderate_to_severe,eligibility_text,IGA,,,absolute_score,>=,3,score,,,,
NCT03451851,Guselkumab,PROTOSTAR,2,moderate_to_severe,eligibility_text,PASI,,,absolute_score,>=,12,score,,,,
NCT03451851,Guselkumab,PROTOSTAR,3,moderate_to_severe,eligibility_text,BSA,,,percent_bsa,>=,10,percent,,,,
NCT03526861,Tralokinumab,,1,moderate_to_severe,eligibility_text,IGA,,severity,absolute_score,>=,3,score,0,4,"[""baseline""]",
NCT03526861,Tralokinumab,,2,moderate_to_severe,eligibility_text,EASI,,,absolute_score,>=,16,score,0,,"[""baseline""]",
NCT03526861,Tralokinumab,,3,moderate_to_severe,eligibility_text,BSA,,,percent_bsa,>=,10,percent,,,"[""baseline""]",
NCT03536884,Bimekizumab,BE RADIANT,1,,eligibility_text,BSA,,,percent_bsa,>=,10,percent,,,,
NCT03536884,Bimekizumab,BE RADIANT,2,,eligibility_text,IGA,,,absolute_score,>=,3,score,,,,
NCT03564119,Benzoyl Peroxide,,1,moderate_to_severe,eligibility_text,IGA,,,absolute_score,in,"[3, 4]",score,,,,"[{""score"": 3, ""label"": ""moderate""}, {""score"": 4, ""label"": ""severe""}]"
NCT03564119,Benzoyl Peroxide,,2,moderate_to_severe,eligibility_text,Inflammatory Lesion Count,,,absolute_score,>=,15,score,,,,
NCT03564119,Benzoyl Peroxide,,3,moderate_to_severe,eligibility_text,Inflammatory Lesion Count,,,absolute_score,<=,70,score,,,,
NCT03564119,Benzoyl Peroxide,,4,moderate_to_severe,eligibility_text,Nodule Count,,,absolute_score,<=,2,score,,,,
NCT03568318,Upadacitinib,AD Up,1,moderate_to_severe,eligibility_text,BSA,,,percent_bsa,>=,10,percent,,,,
NCT03568318,Upadacitinib,AD Up,2,moderate_to_severe,eligibility_text,EASI,,,absolute_score,>=,16,score,,,,
NCT03568318,Upadacitinib,AD Up,3,moderate_to_severe,eligibility_text,vIGA-AD,,,absolute_score,>=,3,score,,,,
NCT03568318,Upadacitinib,AD Up,4,moderate_to_severe,eligibility_text,Pruritus NRS,,worst_daily_weekly_average,absolute_score,>=,4,score,,,,
NCT03569293,Upadacitinib,Measure Up 1,1,,eligibility_text,EASI,,,absolute_score,>=,16,score,,,"[""screening"", ""baseline""]",
NCT03569293,Upadacitinib,Measure Up 1,2,,eligibility_text,vIGA-AD,,,absolute_score,>=,3,score,,,"[""screening"", ""baseline""]",
NCT03569293,Upadacitinib,Measure Up 1,3,,eligibility_text,BSA,,,percent_bsa,>=,10,percent,,,"[""screening"", ""baseline""]",
NCT03575871,Abrocitinib,JADE Mono-2,1,moderate_to_severe,eligibility_text,,,,disease_duration_years,>=,1,years,,,,
NCT03575871,Abrocitinib,JADE Mono-2,2,moderate_to_severe,eligibility_text,BSA,,,percent_bsa,>=,10,percent,,,,
NCT03575871,Abrocitinib,JADE Mono-2,3,moderate_to_severe,eligibility_text,IGA,,,absolute_score,>=,3,score,,,,
NCT03575871,Abrocitinib,JADE Mono-2,4,moderate_to_severe,eligibility_text,EASI,,,absolute_score,>=,16,score,,,,
NCT03575871,Abrocitinib,JADE Mono-2,5,moderate_to_severe,eligibility_text,Pruritus NRS,,severity,absolute_score,>=,4,score,,,,
NCT03589885,Secukinumab,MATURE,1,moderate_to_severe,eligibility_text,PASI,,,absolute_score,>=,12,score,,,"[""randomization""]",
NCT03589885,Secukinumab,MATURE,2,moderate_to_severe,eligibility_text,IGA mod 2011,,,absolute_score,>=,3,score,0,4,"[""randomization""]",
NCT03589885,Secukinumab,MATURE,3,moderate_to_severe,eligibility_text,BSA,,,percent_bsa,>=,10,percent,,,"[""randomization""]",
NCT03607422,Upadacitinib,,1,moderate_to_severe,eligibility_text,BSA,,,percent_bsa,>=,10,percent,,,,
NCT03607422,Upadacitinib,,2,moderate_to_severe,eligibility_text,EASI,,,absolute_score,>=,16,score,,,,
NCT03607422,Upadacitinib,,3,moderate_to_severe,eligibility_text,vIGA-AD,,,absolute_score,>=,3,score,,,,
NCT03607422,Upadacitinib,,4,moderate_to_severe,eligibility_text,Pruritus NRS,,worst_daily_weekly_average,absolute_score,>=,4,score,,,,
NCT03627767,Abrocitinib,,1,moderate_to_severe,eligibility_text,,,,disease_duration_years,>=,1,years,,,,
NCT03627767,Abrocitinib,,2,moderate_to_severe,eligibility_text,BSA,,,percent_bsa,>=,10,percent,,,,
NCT03627767,Abrocitinib,,3,moderate_to_severe,eligibility_text,IGA,,,absolute_score,>=,3,score,,,,
NCT03627767,Abrocitinib,,4,moderate_to_severe,eligibility_text,EASI,,,absolute_score,>=,16,score,,,,
NCT03627767,Abrocitinib,,5,moderate_to_severe,eligibility_text,Pruritus NRS,,,absolute_score,>=,4,score,,,,
NCT03701763,Apremilast,,1,moderate_to_severe,eligibility_text,PASI,,,absolute_score,>=,12,score,,,"[""screening"", ""baseline""]",
NCT03701763,Apremilast,,2,moderate_to_severe,eligibility_text,BSA,,,percent_bsa,>=,10,percent,,,"[""screening"", ""baseline""]",
NCT03701763,Apremilast,,3,moderate_to_severe,eligibility_text,sPGA,,,absolute_score,>=,3,score,,,"[""screening"", ""baseline""]",
NCT03713619,Secukinumab,SUNSHINE,1,moderate_to_severe,eligibility_text,AN Count,,,absolute_score,>=,5,score,,,,
NCT03713632,Secukinumab,SUNRISE,1,moderate_to_severe,eligibility_text,AN Count,,,absolute_score,>=,5,score,,,,
NCT03720470,Abrocitinib,JADE Compare,1,moderate_to_severe,eligibility_text,,,,disease_duration_years,>=,1,years,,,,
NCT03720470,Abrocitinib,JADE Compare,2,moderate_to_severe,eligibility_text,BSA,,,percent_bsa,>=,10,percent,,,,
NCT03720470,Abrocitinib,JADE Compare,3,moderate_to_severe,eligibility_text,IGA,,,absolute_score,>=,3,score,,,,
NCT03720470,Abrocitinib,JADE Compare,4,moderate_to_severe,eligibility_text,EASI,,,absolute_score,>=,16,score,,,,
NCT03720470,Abrocitinib,JADE Compare,5,moderate_to_severe,eligibility_text,Pruritus NRS,,severity,absolute_score,>=,4,score,,,,
NCT03721172,Apremilast,ADVANCE,1,,eligibility_text,sPGA,,,absolute_score,in,"[2, 3]",score,,,"[""screening"", ""baseline""]",
NCT03721172,Apremilast,ADVANCE,2,,eligibility_text,BSA,,,percent_bsa,>=,2,percent,,,"[""screening"", ""baseline""]",
NCT03721172,Apremilast,ADVANCE,3,,eligibility_text,BSA,,,percent_bsa,<=,15,percent,,,"[""screening"", ""baseline""]",
NCT03721172,Apremilast,ADVANCE,4,,eligibility_text,PASI,,,absolute_score,>=,2,score,,,"[""screening"", ""baseline""]",
NCT03721172,Apremilast,ADVANCE,5,,eligibility_text,PASI,,,absolute_score,<=,15,score,,,"[""screening"", ""baseline""]",
NCT03732807,Ritlecitinib,ALLEGRO-2b/3,1,,eligibility_text,SALT,,,absolute_score,>=,50,score,0,100,,
NCT03745638,Ruxolitinib,,1,,eligibility_text,IGA,,,absolute_score,>=,2,score,0,4,"[""screening"", ""baseline""]",
NCT03745638,Ruxolitinib,,2,,eligibility_text,IGA,,,absolute_score,<=,3,score,0,4,"[""screening"", ""baseline""]",
NCT03745638,Ruxolitinib,,3,,eligibility_text,BSA,,,percent_bsa,>=,3,percent,,,"[""screening"", ""baseline""]",
NCT03745638,Ruxolitinib,,4,,eligibility_text,BSA,,,percent_bsa,<=,20,percent,,,"[""screening"", ""baseline""]",
NCT03745651,Ruxolitinib,,1,,eligibility_text,IGA,,,absolute_score,in,"[2, 3]",score,0,4,"[""screening"", ""baseline""]",
NCT03745651,Ruxolitinib,,2,,eligibility_text,BSA,,,percent_bsa,in,"[3, 20]",percent,,,"[""screening"", ""baseline""]",
NCT03761537,Tralokinumab,ECZTRA 7,1,,eligibility_text,BSA,,,percent_bsa,>=,10,percent,,,"[""screening"", ""baseline""]",
NCT03761784,Tretinoin and Benzoyl Peroxide,Trial 1,1,moderate_to_severe,eligibility_text,IGA,,,absolute_score,in,"[3, 4]",score,,,,"[{""score"": 3, ""label"": ""moderate""}, {""score"": 4, ""label"": ""severe""}]"
NCT03761784,Tretinoin and Benzoyl Peroxide,Trial 1,2,moderate_to_severe,eligibility_text,Inflammatory Lesion Count,,,absolute_score,>=,20,score,,,,
NCT03761784,Tretinoin and Benzoyl Peroxide,Trial 1,3,moderate_to_severe,eligibility_text,Inflammatory Lesion Count,,,absolute_score,<=,100,score,,,,
NCT03761784,Tretinoin and Benzoyl Peroxide,Trial 1,4,moderate_to_severe,eligibility_text,Noninflammatory Lesion Count,,,absolute_score,>=,30,score,,,,
NCT03761784,Tretinoin and Benzoyl Peroxide,Trial 1,5,moderate_to_severe,eligibility_text,Noninflammatory Lesion Count,,,absolute_score,<=,150,score,,,,
NCT03761784,Tretinoin and Benzoyl Peroxide,Trial 1,6,moderate_to_severe,eligibility_text,Nodule Count,,,absolute_score,<=,2,score,,,,
NCT03761810,Tretinoin and Benzoyl Peroxide,Trial 2,1,moderate_to_severe,eligibility_text,IGA,,,absolute_score,in,"[3, 4]",score,,,,"[{""score"": 3, ""label"": ""moderate""}, {""score"": 4, ""label"": ""severe""}]"
NCT03761810,Tretinoin and Benzoyl Peroxide,Trial 2,2,moderate_to_severe,eligibility_text,Inflammatory Lesion Count,,,absolute_score,>=,20,score,,,,
NCT03761810,Tretinoin and Benzoyl Peroxide,Trial 2,3,moderate_to_severe,eligibility_text,Inflammatory Lesion Count,,,absolute_score,<=,100,score,,,,
NCT03761810,Tretinoin and Benzoyl Peroxide,Trial 2,4,moderate_to_severe,eligibility_text,Noninflammatory Lesion Count,,,absolute_score,>=,30,score,,,,
NCT03761810,Tretinoin and Benzoyl Peroxide,Trial 2,5,moderate_to_severe,eligibility_text,Noninflammatory Lesion Count,,,absolute_score,<=,150,score,,,,
NCT03761810,Tretinoin and Benzoyl Peroxide,Trial 2,6,moderate_to_severe,eligibility_text,Nodule Count,,,absolute_score,<=,2,score,,,,
NCT03777436,Apremilast,DISCREET,1,moderate_to_severe,eligibility_text,modified sPGA-G,,,absolute_score,>=,3,score,0,4,"[""screening"", ""baseline""]","[{""score"": 3, ""label"": ""moderate""}, {""score"": 4, ""label"": ""severe""}]"
NCT03777436,Apremilast,DISCREET,2,moderate_to_severe,eligibility_text,sPGA,,,absolute_score,>=,3,score,0,4,"[""screening"", ""baseline""]",
NCT03777436,Apremilast,DISCREET,3,moderate_to_severe,eligibility_text,BSA,non-genital area,,percent_bsa,>=,1,percent,,,"[""screening"", ""baseline""]",
NCT03782792,Spesolimab,,1,moderate_to_severe,eligibility_text,GPPGA,,,absolute_score,>=,3,score,0,4,"[""Visit 2 (randomization/treatment initiation)""]","[{""score"": 0, ""label"": ""Clear""}, {""score"": 1, ""label"": ""Almost Clear""}, {""score"": 2, ""label"": ""Mild""}, {""score"": 3, ""label"": ""Moderate""}, {""score"": 4, ""label"": ""Severe; overall GPPGA is derived from mean of erythema/pustules/scaling-crusting component scores (Section 10.1.1)""}]"
NCT03782792,Spesolimab,,2,moderate_to_severe,eligibility_text,GPPGA,pustulation subscore,,absolute_score,>=,2,score,0,4,"[""Visit 2 (randomization/treatment initiation)""]","[{""score"": 0, ""label"": ""Clear (no visible pustules)""}, {""score"": 1, ""label"": ""Almost Clear (low density occasional small discrete pustules)""}, {""score"": 2, ""label"": ""Mild (moderate density grouped discrete small pustules)""}, {""score"": 3, ""label"": ""Moderate (high density pustules with some coalescence)""}, {""score"": 4, ""label"": ""Severe (very high density pustules with pustular lakes)""}]"
NCT03782792,Spesolimab,,3,moderate_to_severe,eligibility_text,BSA,,,percent_bsa,>=,5,percent,,,"[""Visit 2 (randomization/treatment initiation)""]",
NCT03796676,Abrocitinib,JADE TEEN,1,moderate_to_severe,eligibility_text,BSA,,,percent_bsa,>=,10,percent,,,"[""baseline""]",
NCT03796676,Abrocitinib,JADE TEEN,2,moderate_to_severe,eligibility_text,IGA,,,absolute_score,>=,3,score,,,"[""baseline""]",
NCT03796676,Abrocitinib,JADE TEEN,3,moderate_to_severe,eligibility_text,EASI,,,absolute_score,>=,16,score,,,"[""baseline""]",
NCT03796676,Abrocitinib,JADE TEEN,4,moderate_to_severe,eligibility_text,Peak Pruritus NRS,severity,,absolute_score,>=,4,score,,,"[""baseline""]",
NCT03836287,Sofpironium Bromide,CARDIGAN 1,1,,eligibility_text,HDSM-Ax-7,,,absolute_score,>=,3,score,0,4,,
NCT03897088,Tildrakizumab,,1,moderate_to_severe,eligibility_text,IGA,"Scalp, IGA mod 2011",,absolute_score,>=,3,score,,,"[""screening"", ""baseline""]",
NCT03897088,Tildrakizumab,,2,moderate_to_severe,eligibility_text,PSSI,,,absolute_score,>=,12,score,,,"[""screening"", ""baseline""]",
NCT03897088,Tildrakizumab,,3,moderate_to_severe,eligibility_text,BSA,scalp surface area affected,,percent_bsa,>=,30,percent,,,"[""screening"", ""baseline""]",
NCT03908970,Difamilast,Trial 2,1,,eligibility_text,IGA,,,absolute_score,in,"[2, 3]",score,0,4,"[""screening"", ""baseline""]",
NCT03908970,Difamilast,Trial 2,2,,eligibility_text,BSA,,,percent_bsa,>=,5,percent,,,"[""screening"", ""baseline""]",
NCT03908970,Difamilast,Trial 2,3,,eligibility_text,BSA,,,percent_bsa,<=,40,percent,,,"[""screening"", ""baseline""]",
NCT03911401,Difamilast,Trial 3,1,,eligibility_text,IGA,,,absolute_score,in,"[2, 3]",score,0,4,"[""screening"", ""baseline""]",
NCT03911401,Difamilast,Trial 3,2,,eligibility_text,BSA,,,percent_bsa,>=,5,percent,,,"[""screening"", ""baseline""]",
NCT03911401,Difamilast,Trial 3,3,,eligibility_text,BSA,,,percent_bsa,<=,40,percent,,,"[""screening"", ""baseline""]",
NCT03927703,Berdazimer,B-SIMPLE2,1,,eligibility_text,MC Lesion Count,,,absolute_score,>=,3,score,,,,
NCT03927703,Berdazimer,B-SIMPLE2,2,,eligibility_text,MC Lesion Count,,,absolute_score,<=,70,score,,,,
NCT03927716,Berdazimer,,1,,eligibility_text,MC Lesion Count,,,absolute_score,>=,3,score,,,,
NCT03927716,Berdazimer,,2,,eligibility_text,MC Lesion Count,,,absolute_score,<=,70,score,,,,
NCT03948646,Sofpironium Bromide,CARDIGAN 2,1,,eligibility_text,HDSM-Ax-7,,,absolute_score,>=,3,score,0,4,,
NCT03956355,Tapinarof,,1,,eligibility_text,BSA,,,percent_bsa,>=,3,percent,,,,
NCT03956355,Tapinarof,,2,,eligibility_text,BSA,,,percent_bsa,<=,20,percent,,,,
NCT03956355,Tapinarof,,3,,eligibility_text,PGA,,,absolute_score,in,"[2, 3, 4]",score,,,,"[{""score"": 2, ""label"": ""mild""}, {""score"": 3, ""label"": ""moderate""}, {""score"": 4, ""label"": ""severe""}]"
NCT03983980,Tapinarof,,1,,eligibility_text,BSA,,,percent_bsa,>=,3,percent,,,,
NCT03983980,Tapinarof,,2,,eligibility_text,BSA,,,percent_bsa,<=,20,percent,,,,
NCT03983980,Tapinarof,,3,,eligibility_text,PGA,,,absolute_score,in,"[2, 3, 4]",score,,,,"[{""score"": 2, ""label"": ""mild""}, {""score"": 3, ""label"": ""moderate""}, {""score"": 4, ""label"": ""severe""}]"
NCT03985943,Nemolizumab,,1,,eligibility_text,EASI,,,absolute_score,>=,16,score,,,"[""screening"", ""baseline""]",
NCT03985943,Nemolizumab,,2,,eligibility_text,IGA,,,absolute_score,>=,3,score,0,4,"[""screening"", ""baseline""]",
NCT03989349,Nemolizumab,,1,,eligibility_text,EASI,,,absolute_score,>=,16,score,,,"[""screening"", ""baseline""]",
NCT03989349,Nemolizumab,,2,,eligibility_text,IGA,,,absolute_score,>=,3,score,0,4,"[""screening"", ""baseline""]",
NCT03997786,Tildrakizumab,,1,moderate_to_severe,eligibility_text,BSA,,,percent_bsa,>=,10,percent,,,"[""baseline""]",
NCT03997786,Tildrakizumab,,2,moderate_to_severe,eligibility_text,PGA,,,absolute_score,>=,3,score,,,"[""baseline""]",
NCT03997786,Tildrakizumab,,3,moderate_to_severe,eligibility_text,PASI,,,absolute_score,>=,12,score,,,"[""baseline""]",
NCT04040192,Crisaborole,,1,,eligibility_text,BSA,"Treatable atopic dermatitis body surface area, excluding scalp",,percent_bsa,>=,5,percent,,,"[""baseline""]",
NCT04040192,Crisaborole,,2,,eligibility_text,ISGA,,,absolute_score,in,"[2, 3]",score,0,4,"[""baseline""]",
NCT04091646,Roflumilast,,1,,eligibility_text,IGA,,,absolute_score,>=,3,score,,,,
NCT04091646,Roflumilast,,2,,eligibility_text,Overall Assessment of Erythema,,,absolute_score,>=,2,score,,,,
NCT04091646,Roflumilast,,3,,eligibility_text,Overall Assessment of Scaling,,,absolute_score,>=,2,score,,,,
NCT04128007,Roflumilast,,1,,eligibility_text,S-IGA,,,absolute_score,>=,2,score,,,,
NCT04128007,Roflumilast,,2,,eligibility_text,PSSI,,,absolute_score,>=,6,score,,,,
NCT04128007,Roflumilast,,3,,eligibility_text,PASI,,,absolute_score,>=,2,score,,,,
NCT04146363,Lebrikizumab,,1,,eligibility_text,EASI,,,absolute_score,>=,16,score,,,"[""baseline""]",
NCT04146363,Lebrikizumab,,2,,eligibility_text,IGA,,,absolute_score,>=,3,score,0,4,"[""baseline""]",
NCT04146363,Lebrikizumab,,3,,eligibility_text,BSA,,,percent_bsa,>=,10,percent,,,"[""baseline""]",
NCT04178967,Lebrikizumab,ADvocate2,1,,eligibility_text,EASI,,,absolute_score,>=,16,score,,,"[""baseline""]",
NCT04178967,Lebrikizumab,ADvocate2,2,,eligibility_text,IGA,,,absolute_score,>=,3,score,0,4,"[""baseline""]",
NCT04178967,Lebrikizumab,ADvocate2,3,,eligibility_text,BSA,,,percent_bsa,>=,10,percent,,,"[""baseline""]",
NCT04183335,Dupilumab,,1,,eligibility_text,Pruritus NRS,,worst_daily_weekly_average,absolute_score,>=,7,score,0,10,,
NCT04183335,Dupilumab,,2,,eligibility_text,PN Lesion Count,,,absolute_score,>=,20,score,,,,
NCT04202679,Dupilumab,,1,,eligibility_text,Pruritus NRS,,worst_daily_weekly_average,absolute_score,>=,7,score,0,10,,
NCT04202679,Dupilumab,,2,,eligibility_text,PN Lesion Count,,,absolute_score,>=,20,score,,,,
NCT04206553,Dupilumab,LIBERTY-BP,1,,eligibility_text,BPDAI,,,absolute_score,>=,24,score,,,,
NCT04206553,Dupilumab,LIBERTY-BP,2,,eligibility_text,Pruritus NRS,,peak_daily,absolute_score,>=,4,score,0,10,,
NCT04211363,Roflumilast,DERMIS-1,1,,eligibility_text,IGA,,,absolute_score,>=,2,score,0,4,"[""baseline""]",
NCT04211363,Roflumilast,DERMIS-1,2,,eligibility_text,PASI,,,absolute_score,>=,2,score,,,"[""baseline""]",
NCT04211363,Roflumilast,DERMIS-1,3,,eligibility_text,BSA,,,percent_bsa,>=,2,percent,,,"[""baseline""]",
NCT04211363,Roflumilast,DERMIS-1,4,,eligibility_text,BSA,,,percent_bsa,<=,20,percent,,,"[""baseline""]",
NCT04211389,Roflumilast,DERMIS-2,1,,eligibility_text,IGA,,,absolute_score,>=,2,score,0,4,"[""baseline""]",
NCT04211389,Roflumilast,DERMIS-2,2,,eligibility_text,PASI,,,absolute_score,>=,2,score,,,"[""baseline""]",
NCT04211389,Roflumilast,DERMIS-2,3,,eligibility_text,BSA,,,percent_bsa,>=,2,percent,,,"[""baseline""]",
NCT04211389,Roflumilast,DERMIS-2,4,,eligibility_text,BSA,,,percent_bsa,<=,20,percent,,,"[""baseline""]",
NCT04214639,Clindamycin Phosphate/Benzoyl Peroxide/Adapalene,Trial 1,1,moderate_to_severe,eligibility_text,EGSS,,,absolute_score,in,"[3, 4]",score,0,4,,"[{""score"": 0, ""label"": ""clear""}, {""score"": 1, ""label"": ""almost clear""}, {""score"": 2, ""label"": ""mild""}, {""score"": 3, ""label"": ""moderate""}, {""score"": 4, ""label"": ""severe""}]"
NCT04214639,Clindamycin Phosphate/Benzoyl Peroxide/Adapalene,Trial 1,2,moderate_to_severe,eligibility_text,Inflammatory Lesion Count,,,absolute_score,>=,30,score,,,,
NCT04214639,Clindamycin Phosphate/Benzoyl Peroxide/Adapalene,Trial 1,3,moderate_to_severe,eligibility_text,Inflammatory Lesion Count,,,absolute_score,<=,100,score,,,,
NCT04214639,Clindamycin Phosphate/Benzoyl Peroxide/Adapalene,Trial 1,4,moderate_to_severe,eligibility_text,Noninflammatory Lesion Count,,,absolute_score,>=,35,score,,,,
NCT04214639,Clindamycin Phosphate/Benzoyl Peroxide/Adapalene,Trial 1,5,moderate_to_severe,eligibility_text,Noninflammatory Lesion Count,,,absolute_score,<=,150,score,,,,
NCT04214639,Clindamycin Phosphate/Benzoyl Peroxide/Adapalene,Trial 1,6,moderate_to_severe,eligibility_text,Nodule Count,,,absolute_score,<=,2,score,,,,
NCT04214652,Clindamycin Phosphate/Benzoyl Peroxide/Adapalene,Trial 2,1,moderate_to_severe,eligibility_text,EGSS,,,absolute_score,in,"[3, 4]",score,0,4,,"[{""score"": 0, ""label"": ""clear""}, {""score"": 1, ""label"": ""almost clear""}, {""score"": 2, ""label"": ""mild""}, {""score"": 3, ""label"": ""moderate""}, {""score"": 4, ""label"": ""severe""}]"
NCT04214652,Clindamycin Phosphate/Benzoyl Peroxide/Adapalene,Trial 2,2,moderate_to_severe,eligibility_text,Inflammatory Lesion Count,,,absolute_score,>=,30,score,,,,
NCT04214652,Clindamycin Phosphate/Benzoyl Peroxide/Adapalene,Trial 2,3,moderate_to_severe,eligibility_text,Inflammatory Lesion Count,,,absolute_score,<=,100,score,,,,
NCT04214652,Clindamycin Phosphate/Benzoyl Peroxide/Adapalene,Trial 2,4,moderate_to_severe,eligibility_text,Noninflammatory Lesion Count,,,absolute_score,>=,35,score,,,,
NCT04214652,Clindamycin Phosphate/Benzoyl Peroxide/Adapalene,Trial 2,5,moderate_to_severe,eligibility_text,Noninflammatory Lesion Count,,,absolute_score,<=,150,score,,,,
NCT04214652,Clindamycin Phosphate/Benzoyl Peroxide/Adapalene,Trial 2,6,moderate_to_severe,eligibility_text,Nodule Count,,,absolute_score,<=,2,score,,,,
NCT04237116,Secukinumab,pINPOINt,1,moderate_to_severe,eligibility_text,PASI,,,absolute_score,>,10,score,,,"[""baseline""]",
NCT04242446,Bimekizumab,BE HEARD I,1,moderate_to_severe,eligibility_text,Hurley Stage,,,absolute_score,>=,2,score,1,3,,
NCT04242446,Bimekizumab,BE HEARD I,2,moderate_to_severe,eligibility_text,AN Count,,,absolute_score,>=,5,score,,,,
NCT04242498,Bimekizumab,BE HEARD II,1,moderate_to_severe,eligibility_text,Hurley Stage,,,absolute_score,>=,2,score,1,3,,
NCT04242498,Bimekizumab,BE HEARD II,2,moderate_to_severe,eligibility_text,AN Count,,,absolute_score,>=,5,score,,,,
NCT04250337,Lebrikizumab,ADhere,1,,eligibility_text,EASI,,,absolute_score,>=,16,score,,,"[""baseline""]",
NCT04250337,Lebrikizumab,ADhere,2,,eligibility_text,IGA,,,absolute_score,>=,3,score,0,4,"[""baseline""]",
NCT04250337,Lebrikizumab,ADhere,3,,eligibility_text,BSA,,,percent_bsa,>=,10,percent,,,"[""baseline""]",
NCT04305327,Brodalumab,EMBRACE 1,1,moderate_to_severe,eligibility_text,PASI,,,absolute_score,>=,12,score,,,"[""screening"", ""baseline""]",
NCT04305327,Brodalumab,EMBRACE 1,2,moderate_to_severe,eligibility_text,sPGA,,,absolute_score,>=,3,score,,,"[""screening"", ""baseline""]",
NCT04305327,Brodalumab,EMBRACE 1,3,moderate_to_severe,eligibility_text,,,,percent_bsa,>=,10,percent,,,"[""screening"", ""baseline""]",
NCT04399837,Spesolimab,,1,,eligibility_text,GPPGA,,,absolute_score,in,"[0, 1]",score,,,,
NCT04417894,Dupilumab,,1,moderate_to_severe,eligibility_text,IGA,hand and foot,,absolute_score,in,"[3, 4]",score,,,"[""screening"", ""baseline""]",
NCT04535531,Berdazimer,B-SIMPLE4,1,,eligibility_text,MC Lesion Count,,,absolute_score,>=,3,score,,,,
NCT04535531,Berdazimer,B-SIMPLE4,2,,eligibility_text,MC Lesion Count,,,absolute_score,<=,70,score,,,,
NCT04608500,Minocycline,,1,moderate_to_severe,eligibility_text,IGA,,,absolute_score,in,"[3, 4]",score,,,,"[{""score"": 3, ""label"": ""moderate""}, {""score"": 4, ""label"": ""severe""}]"
NCT04608500,Minocycline,,2,moderate_to_severe,eligibility_text,Inflammatory Lesion Count,,,absolute_score,>=,15,score,,,,
NCT04608500,Minocycline,,3,moderate_to_severe,eligibility_text,Inflammatory Lesion Count,,,absolute_score,<=,75,score,,,,
NCT04608500,Minocycline,,4,moderate_to_severe,eligibility_text,Nodule Count,,,absolute_score,<=,2,score,,,,
NCT04773587,Roflumilast,INTEGUMENT-I,1,moderate_to_severe,eligibility_text,EASI,,,absolute_score,>,5,score,,,"[""screening""]",
NCT04773587,Roflumilast,INTEGUMENT-I,2,moderate_to_severe,eligibility_text,vIGA-AD,,,absolute_score,in,"[2, 3]",score,2,3,"[""baseline""]","[{""score"": 2, ""label"": ""Mild""}, {""score"": 3, ""label"": ""Moderate""}]"
NCT04773587,Roflumilast,INTEGUMENT-I,3,moderate_to_severe,eligibility_text,BSA,,,percent_bsa,>,3,percent,,,"[""screening""]",
NCT04773600,Roflumilast,,1,moderate_to_severe,eligibility_text,EASI,,,absolute_score,>,5,score,,,"[""screening""]",
NCT04773600,Roflumilast,,2,moderate_to_severe,eligibility_text,vIGA-AD,,,absolute_score,in,"[2, 3]",score,2,3,"[""baseline""]","[{""score"": 2, ""label"": ""Mild""}, {""score"": 3, ""label"": ""Moderate""}]"
NCT04773600,Roflumilast,,3,moderate_to_severe,eligibility_text,BSA,,,percent_bsa,>,3,percent,,,"[""screening""]",
NCT04845620,Roflumilast,,1,,eligibility_text,EASI,,,absolute_score,>=,5,score,,,"[""baseline""]",
NCT04845620,Roflumilast,,2,,eligibility_text,vIGA-AD,,,absolute_score,in,"[2, 3]",score,,,"[""baseline""]","[{""score"": 2, ""label"": ""Mild""}, {""score"": 3, ""label"": ""Moderate""}]"
NCT04845620,Roflumilast,,3,,eligibility_text,BSA,,,percent_bsa,>=,3,percent,,,"[""baseline""]",
NCT04921969,Ruxolitinib,,1,,eligibility_text,IGA,,,absolute_score,in,"[2, 3]",score,,,"[""screening"", ""baseline""]",
NCT04921969,Ruxolitinib,,2,,eligibility_text,BSA,AD involvement excluding scalp,,percent_bsa,>=,3,percent,,,"[""screening"", ""baseline""]",
NCT04921969,Ruxolitinib,,3,,eligibility_text,BSA,AD involvement excluding scalp,,percent_bsa,<=,20,percent,,,"[""screening"", ""baseline""]",
NCT04973228,Roflumilast,,1,,eligibility_text,IGA,,,absolute_score,>=,3,score,,,,
NCT04973228,Roflumilast,,2,,eligibility_text,Overall Assessment of Erythema,,,absolute_score,>=,2,score,,,,
NCT04973228,Roflumilast,,3,,eligibility_text,Overall Assessment of Scaling,,,absolute_score,>=,2,score,,,,
NCT04973228,Roflumilast,,4,,eligibility_text,BSA,,,percent_bsa,<=,20,percent,,,,
NCT05014568,Tapinarof,,1,,eligibility_text,BSA,,,percent_bsa,>=,5,percent,,,,
NCT05014568,Tapinarof,,2,,eligibility_text,BSA,,,percent_bsa,<=,35,percent,,,,
NCT05014568,Tapinarof,,3,,eligibility_text,vIGA-AD,,,absolute_score,>=,3,score,,,,
NCT05014568,Tapinarof,,4,,eligibility_text,EASI,,,absolute_score,>=,6,score,,,,
NCT05028582,Roflumilast,ARRECTOR,1,,eligibility_text,S-IGA,,,absolute_score,>=,3,score,,,,
NCT05028582,Roflumilast,ARRECTOR,2,,eligibility_text,BSA,,,percent_bsa,>=,10,percent,,,,
NCT05028582,Roflumilast,ARRECTOR,3,,eligibility_text,PSSI,,,absolute_score,>=,6,score,,,,
NCT05028582,Roflumilast,ARRECTOR,4,,eligibility_text,B-IGA,,,absolute_score,>=,2,score,,,,
NCT05028582,Roflumilast,ARRECTOR,5,,eligibility_text,PASI,,,absolute_score,>=,2,score,,,,
NCT05028582,Roflumilast,ARRECTOR,6,,eligibility_text,BSA,,,percent_bsa,<=,25,percent,,,,
NCT05032859,Tapinarof,,1,,eligibility_text,BSA,,,percent_bsa,>=,5,percent,,,,
NCT05032859,Tapinarof,,2,,eligibility_text,BSA,,,percent_bsa,<=,35,percent,,,,
NCT05032859,Tapinarof,,3,,eligibility_text,vIGA-AD,,,absolute_score,>=,3,score,,,,
NCT05032859,Tapinarof,,4,,eligibility_text,EASI,,,absolute_score,>=,6,score,,,,
NCT05056779,Nemolizumab,,1,moderate_to_severe,eligibility_text,EASI,,,absolute_score,>=,20,score,0,72,"[""screening"", ""baseline""]",
NCT05056779,Nemolizumab,,2,moderate_to_severe,eligibility_text,IGA,,severity,absolute_score,>=,3,score,0,4,"[""screening"", ""baseline""]","[{""score"": 3, ""label"": ""moderate""}, {""score"": 4, ""label"": ""severe""}]"
NCT05056779,Nemolizumab,,3,moderate_to_severe,eligibility_text,BSA,,,percent_bsa,>=,10,percent,,,"[""screening"", ""baseline""]",
NCT05149313,Lebrikizumab,ADvantage,1,moderate_to_severe,eligibility_text,EASI,,,absolute_score,>=,16,score,,,"[""baseline""]",
NCT05149313,Lebrikizumab,ADvantage,2,moderate_to_severe,eligibility_text,IGA,,,absolute_score,>=,3,score,0,4,"[""baseline""]",
NCT05149313,Lebrikizumab,ADvantage,3,moderate_to_severe,eligibility_text,BSA,,,percent_bsa,>=,10,percent,,,"[""baseline""]",
NCT05355818,Delgocitinib,DELTA TEEN,1,moderate_to_severe,eligibility_text,IGA,,,absolute_score,<=,2,score,,,"[""screening"", ""baseline""]",
NCT05559359,Lebrikizumab,ADorable-1,1,moderate_to_severe,eligibility_text,EASI,,,absolute_score,>=,16,score,,,"[""screening"", ""baseline""]",
NCT05559359,Lebrikizumab,ADorable-1,2,moderate_to_severe,eligibility_text,IGA,,,absolute_score,>=,3,score,0,4,"[""screening"", ""baseline""]",
NCT05559359,Lebrikizumab,ADorable-1,3,moderate_to_severe,eligibility_text,,AD involvement,,percent_bsa,>=,10,percent,,,"[""screening"", ""baseline""]",
NCT05677451,Remibrutinib,,1,,eligibility_text,UAS7,,,absolute_score,>=,16,score,0,42,"[""baseline""]",
NCT05677451,Remibrutinib,,2,,eligibility_text,ISS7,,,absolute_score,>=,6,score,0,21,"[""baseline""]",
NCT05677451,Remibrutinib,,3,,eligibility_text,HSS7,,,absolute_score,>=,6,score,0,21,"[""baseline""]",
NCT05958407,Tralokinumab,ADHAND,1,moderate_to_severe,eligibility_text,IGA-AHE,,,absolute_score,in,"[3, 4]",score,,,"[""screening"", ""baseline""]",
NCT05958407,Tralokinumab,ADHAND,2,moderate_to_severe,eligibility_text,HESD itch score (weekly average),itch,,absolute_score,>=,4,score,,,"[""baseline""]",
NCT06039189,Guselkumab,SPECTREM,1,,eligibility_text,IGA,,,absolute_score,==,3,score,0,4,"[""screening"", ""baseline""]","[{""score"": 0, ""label"": ""cleared""}, {""score"": 1, ""label"": ""minimal""}, {""score"": 2, ""label"": ""mild""}, {""score"": 3, ""label"": ""moderate""}, {""score"": 4, ""label"": ""severe""}]"
NCT06039189,Guselkumab,SPECTREM,2,,eligibility_text,BSA,,,percent_bsa,>=,2,percent,,,"[""screening"", ""baseline""]",
NCT06039189,Guselkumab,SPECTREM,3,,eligibility_text,BSA,,,percent_bsa,<=,15,percent,,,"[""screening"", ""baseline""]",
NCT06039189,Guselkumab,SPECTREM,4,,eligibility_text,scalp-specific IGA,,,absolute_score,>=,3,score,,,"[""screening"", ""baseline""]",
NCT06039189,Guselkumab,SPECTREM,5,,eligibility_text,facial psoriasis IGA,,,absolute_score,>=,3,score,0,4,"[""screening"", ""baseline""]","[{""score"": 0, ""label"": ""clear""}, {""score"": 1, ""label"": ""minimal""}, {""score"": 2, ""label"": ""mild""}, {""score"": 3, ""label"": ""moderate""}, {""score"": 4, ""label"": ""severe""}]"
NCT06039189,Guselkumab,SPECTREM,6,,eligibility_text,intertriginous psoriasis IGA,,,absolute_score,>=,3,score,0,4,"[""screening"", ""baseline""]","[{""score"": 0, ""label"": ""clear""}, {""score"": 1, ""label"": ""minimal""}, {""score"": 2, ""label"": ""mild""}, {""score"": 3, ""label"": ""moderate""}, {""score"": 4, ""label"": ""severe""}]"
NCT06039189,Guselkumab,SPECTREM,7,,eligibility_text,sPGA-G,,,absolute_score,>=,3,score,0,5,"[""screening"", ""baseline""]","[{""score"": 0, ""label"": ""clear""}, {""score"": 1, ""label"": ""minimal""}, {""score"": 2, ""label"": ""mild""}, {""score"": 3, ""label"": ""moderate""}, {""score"": 4, ""label"": ""severe""}, {""score"": 5, ""label"": ""very severe""}]"
NCT06042478,Remibrutinib,,1,,eligibility_text,UAS7,,,absolute_score,>=,16,score,0,42,"[""baseline""]",
NCT06042478,Remibrutinib,,2,,eligibility_text,ISS7,,,absolute_score,>=,6,score,0,21,"[""baseline""]",
NCT06042478,Remibrutinib,,3,,eligibility_text,HSS7,,,absolute_score,>=,6,score,0,21,"[""baseline""]",
NCT06095102,Icotrokinra,ICONIC-TOTAL,1,,eligibility_text,BSA,,,percent_bsa,>=,1,percent,,,,
NCT06095102,Icotrokinra,ICONIC-TOTAL,2,,eligibility_text,IGA,,,absolute_score,>=,2,score,,,,
NCT06095115,Icotrokinra,ICONIC-LEAD,1,,eligibility_text,BSA,,,percent_bsa,>=,10,percent,,,,
NCT06095115,Icotrokinra,ICONIC-LEAD,2,,eligibility_text,PASI,,,absolute_score,>=,12,score,,,,
NCT06095115,Icotrokinra,ICONIC-LEAD,3,,eligibility_text,IGA,,,absolute_score,>=,3,score,,,,
NCT06135415,Tirbanibulin,TirbAKare,1,,eligibility_text,Olsen Grade,,,absolute_score,in,"[1, 2]",score,1,3,"[""baseline""]","[{""score"": 1, ""label"": ""Slight palpability, with actinic keratoses felt better than seen""}, {""score"": 2, ""label"": ""Moderately thick actinic keratoses that are easily seen and felt""}, {""score"": 3, ""label"": ""Very thick and/or obvious actinic keratoses""}]"
NCT06143878,Icotrokinra,,1,,eligibility_text,BSA,,,percent_bsa,>=,10,percent,,,,
NCT06143878,Icotrokinra,,2,,eligibility_text,PASI,,,absolute_score,>=,12,score,,,,
NCT06143878,Icotrokinra,,3,,eligibility_text,IGA,,,absolute_score,>=,3,score,,,,
NCT06220604,Icotrokinra,,1,,eligibility_text,BSA,,,percent_bsa,>=,10,percent,,,,
NCT06220604,Icotrokinra,,2,,eligibility_text,PASI,,,absolute_score,>=,12,score,,,,
NCT06220604,Icotrokinra,,3,,eligibility_text,IGA,,,absolute_score,>=,3,score,,,,
NCT06238817,Ruxolitinib,TRuE-AD4,1,,eligibility_text,IGA,,,absolute_score,==,3,score,,,"[""screening"", ""Day 1""]",
NCT06238817,Ruxolitinib,TRuE-AD4,2,,eligibility_text,EASI,,,absolute_score,>,7,score,,,"[""screening"", ""Day 1""]",
NCT06238817,Ruxolitinib,TRuE-AD4,3,,eligibility_text,Itch NRS,,,absolute_score,>=,4,score,,,"[""Day 1""]",
NCT06238817,Ruxolitinib,TRuE-AD4,4,,eligibility_text,BSA,,,percent_bsa,>=,10,percent,,,"[""screening"", ""Day 1""]",
NCT06238817,Ruxolitinib,TRuE-AD4,5,,eligibility_text,BSA,,,percent_bsa,<=,20,percent,,,"[""screening"", ""Day 1""]",
NCT06238817,Ruxolitinib,TRuE-AD4,6,,eligibility_text,DLQI,,,absolute_score,>,10,score,,,"[""screening"", ""Day 1""]",
NCT06526182,Lebrikizumab,ADhope 2,1,moderate_to_severe,eligibility_text,EASI,,,absolute_score,>=,12,score,,,"[""baseline""]",
NCT06526182,Lebrikizumab,ADhope 2,2,moderate_to_severe,eligibility_text,IGA,,,absolute_score,>=,3,score,0,4,"[""baseline""]","[{""score"": 0, ""label"": ""clear""}, {""score"": 4, ""label"": ""severe""}]"
NCT06526182,Lebrikizumab,ADhope 2,3,moderate_to_severe,eligibility_text,BSA,,,percent_bsa,>=,10,percent,,,"[""baseline""]",
NCT06548360,Ruxolitinib,TRuE-VIP1,1,,eligibility_text,BSA,face depigmented area,,percent_bsa,>=,0.5,percent,,,,
NCT06548360,Ruxolitinib,TRuE-VIP1,2,,eligibility_text,F-VASI,,,absolute_score,>=,0.5,score,,,,
NCT06548360,Ruxolitinib,TRuE-VIP1,3,,eligibility_text,BSA,nonfacial depigmented area,,percent_bsa,>=,2,percent,,,,
NCT06548360,Ruxolitinib,TRuE-VIP1,4,,eligibility_text,T-VASI,,,absolute_score,>=,2,score,,,,
NCT06548360,Ruxolitinib,TRuE-VIP1,5,,eligibility_text,BSA,total body vitiligo area,,percent_bsa,<=,10,percent,,,,
NCT06611163,Tildrakizumab,,1,moderate_to_severe,eligibility_text,modified sPGA-G,,,absolute_score,>=,3,score,0,4,"[""screening"", ""baseline""]","[{""score"": 0, ""label"": ""clear""}, {""score"": 1, ""label"": ""almost clear""}, {""score"": 2, ""label"": ""mild""}, {""score"": 3, ""label"": ""moderate""}, {""score"": 4, ""label"": ""severe""}]"
NCT06611163,Tildrakizumab,,2,moderate_to_severe,eligibility_text,BSA,non-genital plaque psoriasis,,percent_bsa,>=,1,percent,,,"[""screening"", ""baseline""]",
NCT06804811,Ruxolitinib,,1,,eligibility_text,BSA,face,,percent_bsa,>=,0.5,percent,,,,
NCT06804811,Ruxolitinib,,2,,eligibility_text,F-VASI,,,absolute_score,>=,0.5,score,,,,
NCT06804811,Ruxolitinib,,3,,eligibility_text,BSA,nonfacial areas,,percent_bsa,>=,3,percent,,,,
NCT06804811,Ruxolitinib,,4,,eligibility_text,T-VASI,,,absolute_score,>=,3,score,,,,
NCT06804811,Ruxolitinib,,5,,eligibility_text,BSA,total body vitiligo area,,percent_bsa,<=,10,percent,,,,
NCT06807268,Abrocitinib,,1,moderate_to_severe,eligibility_text,BSA,,,percent_bsa,>=,10,percent,,,"[""baseline""]",
NCT06807268,Abrocitinib,,2,moderate_to_severe,eligibility_text,vIGA,,,absolute_score,>=,3,score,,,"[""baseline""]",
NCT06807268,Abrocitinib,,3,moderate_to_severe,eligibility_text,EASI,,,absolute_score,>=,16,score,,,"[""baseline""]",
NCT06807268,Abrocitinib,,4,moderate_to_severe,eligibility_text,WI-NRS,,,absolute_score,>=,4,score,,,"[""baseline""]",
NCT06934226,Icotrokinra,ICONIC-ASCEND,1,moderate_to_severe,eligibility_text,BSA,,,percent_bsa,>=,10,percent,,,"[""screening"", ""baseline""]",
NCT06934226,Icotrokinra,ICONIC-ASCEND,2,moderate_to_severe,eligibility_text,PASI,,,absolute_score,>=,12,score,,,"[""screening"", ""baseline""]",
NCT06934226,Icotrokinra,ICONIC-ASCEND,3,moderate_to_severe,eligibility_text,IGA,,,absolute_score,>=,3,score,,,"[""screening"", ""baseline""]",
NCT07029711,Ritlecitinib,B7981027,1,,eligibility_text,SALT,,,absolute_score,>=,50,score,,,"[""screening"", ""baseline""]",
NCT07133308,Deuruxolitinib,,1,,eligibility_text,SALT,,,absolute_score,>=,50,score,0,100,,
NCT07265479,Tapinarof,Adoring,1,,eligibility_text,BSA,,,percent_bsa,>,5,percent,,,,
NCT07265479,Tapinarof,Adoring,2,,eligibility_text,vIGA-AD,,,absolute_score,in,"[2, 3, 4]",score,,,,
NCT07733765,Ritlecitinib,,1,,eligibility_text,SALT,,,absolute_score,>,20,percent,,,,
NCT07733765,Ritlecitinib,,2,,eligibility_text,SALT,,,absolute_score,<,50,percent,,,,
NCT07823595,Abrocitinib,,1,moderate_to_severe,eligibility_text,BSA,,,percent_bsa,>=,10,percent,,,"[""baseline""]",
NCT07823595,Abrocitinib,,2,moderate_to_severe,eligibility_text,vIGA,,,absolute_score,>=,3,score,,,"[""baseline""]",
NCT07823595,Abrocitinib,,3,moderate_to_severe,eligibility_text,EASI,,,absolute_score,>=,16,score,,,"[""baseline""]",
NCT07823595,Abrocitinib,,4,moderate_to_severe,eligibility_text,WSI-NRS,,,absolute_score,>=,4,score,,,"[""baseline""]",
